from,to,cost,source,isDefaultCost,costLine,selfLoop
CLEAR_ELEVATOR_CROSSBEAM,CLEAR_ELEVATOR_CROSSBEAM,0.460818999999999,transition_costs.txt,False,1,True
CLEAR_ELEVATOR_CROSSBEAM,CLEAR_WHEELS,0.6184119999999993,transition_costs.txt,False,2,False
CLEAR_ELEVATOR_CROSSBEAM,CLEAR_LIMELIGHT,0.5619980000000009,transition_costs.txt,False,3,False
CLEAR_ELEVATOR_CROSSBEAM,STOW_ALGAE,0.26222299999999876,transition_costs.txt,False,4,False
CLEAR_ELEVATOR_CROSSBEAM,GROUND_ALGAE_INTAKE,0.9186770000000003,transition_costs.txt,False,5,False
CLEAR_ELEVATOR_CROSSBEAM,LOLLIPOP_INTAKE,1.0,default:1.0,True,,False
CLEAR_ELEVATOR_CROSSBEAM,REEF_ALGAE_SLAP,1.0,default:1.0,True,,False
CLEAR_ELEVATOR_CROSSBEAM,REEF_ALGAE_INTAKE_L2,0.4978800000000003,transition_costs.txt,False,6,False
CLEAR_ELEVATOR_CROSSBEAM,REEF_ALGAE_INTAKE_L3,0.42077399999999976,transition_costs.txt,False,7,False
CLEAR_ELEVATOR_CROSSBEAM,REEF_ALGAE_INTAKE_L3_MANUAL,1.0,default:1.0,True,,False
CLEAR_ELEVATOR_CROSSBEAM,STAGE_CORAL_L1,0.4596700000000009,transition_costs.txt,False,8,False
CLEAR_ELEVATOR_CROSSBEAM,STAGE_CORAL_L2,0.4686350000000008,transition_costs.txt,False,9,False
CLEAR_ELEVATOR_CROSSBEAM,NON_DESCORE_CORAL_L2,0.7103970000000004,transition_costs.txt,False,10,False
CLEAR_ELEVATOR_CROSSBEAM,STAGE_CORAL_L3,0.4917289999999994,transition_costs.txt,False,11,False
CLEAR_ELEVATOR_CROSSBEAM,NON_DESCORE_CORAL_L3,0.40763700000000114,transition_costs.txt,False,12,False
CLEAR_ELEVATOR_CROSSBEAM,STAGE_CORAL_L4,0.7871200000000016,transition_costs.txt,False,13,False
CLEAR_ELEVATOR_CROSSBEAM,INTERMEDIATE_CORAL_L4,0.30192500000000067,transition_costs.txt,False,14,False
CLEAR_ELEVATOR_CROSSBEAM,INTERMEDIATE_BARGE,0.3425849999999997,transition_costs.txt,False,15,False
CLEAR_ELEVATOR_CROSSBEAM,STAGE_PROCESSOR,0.7418390000000024,transition_costs.txt,False,16,False
CLEAR_ELEVATOR_CROSSBEAM,CLEAR_BUMPER,0.2243460000000006,transition_costs.txt,False,17,False
CLEAR_ELEVATOR_CROSSBEAM,STOW_ELEVATOR,0.5158369999999977,transition_costs.txt,False,18,False
CLEAR_WHEELS,CLEAR_ELEVATOR_CROSSBEAM,0.46284299999999945,transition_costs.txt,False,19,False
CLEAR_WHEELS,CLEAR_WHEELS,0.6180669999999999,transition_costs.txt,False,20,True
CLEAR_WHEELS,CLEAR_LIMELIGHT,0.5404740000000032,transition_costs.txt,False,21,False
CLEAR_WHEELS,STOW_CORAL,0.5619289999999992,transition_costs.txt,False,22,False
CLEAR_WHEELS,STOW_ALGAE,0.5383289999999974,transition_costs.txt,False,23,False
CLEAR_WHEELS,GROUND_ALGAE_INTAKE,0.4951270000000001,transition_costs.txt,False,24,False
CLEAR_WHEELS,LOLLIPOP_INTAKE,1.0,default:1.0,True,,False
CLEAR_WHEELS,REEF_ALGAE_SLAP,1.0,default:1.0,True,,False
CLEAR_WHEELS,REEF_ALGAE_INTAKE_L2,0.5013670000000019,transition_costs.txt,False,25,False
CLEAR_WHEELS,REEF_ALGAE_INTAKE_L3,0.6982420000000005,transition_costs.txt,False,26,False
CLEAR_WHEELS,REEF_ALGAE_INTAKE_L3_MANUAL,1.0,default:1.0,True,,False
CLEAR_WHEELS,STAGE_CORAL_L1,0.4602579999999996,transition_costs.txt,False,27,False
CLEAR_WHEELS,STAGE_CORAL_L2,0.4675989999999999,transition_costs.txt,False,28,False
CLEAR_WHEELS,NON_DESCORE_CORAL_L2,0.3881160000000001,transition_costs.txt,False,29,False
CLEAR_WHEELS,STAGE_CORAL_L3,0.48905599999999794,transition_costs.txt,False,30,False
CLEAR_WHEELS,NON_DESCORE_CORAL_L3,0.3881450000000015,transition_costs.txt,False,31,False
CLEAR_WHEELS,STAGE_CORAL_L4,0.764523999999998,transition_costs.txt,False,32,False
CLEAR_WHEELS,INTERMEDIATE_CORAL_L4,0.3010149999999996,transition_costs.txt,False,33,False
CLEAR_WHEELS,STAGE_PROCESSOR,0.6991939999999985,transition_costs.txt,False,34,False
CLEAR_WHEELS,CLEAR_BUMPER,0.22103199999999745,transition_costs.txt,False,35,False
CLEAR_WHEELS,STOW_ELEVATOR,0.5243089999999988,transition_costs.txt,False,36,False
CLEAR_LIMELIGHT,CLEAR_ELEVATOR_CROSSBEAM,0.45840300000000056,transition_costs.txt,False,37,False
CLEAR_LIMELIGHT,CLEAR_WHEELS,0.6205250000000007,transition_costs.txt,False,38,False
CLEAR_LIMELIGHT,CLEAR_LIMELIGHT,0.5341529999999999,transition_costs.txt,False,39,True
CLEAR_LIMELIGHT,STOW_ALGAE,0.259527999999996,transition_costs.txt,False,40,False
CLEAR_LIMELIGHT,GROUND_ALGAE_INTAKE,0.7097590000000054,transition_costs.txt,False,41,False
CLEAR_LIMELIGHT,LOLLIPOP_INTAKE,1.0,default:1.0,True,,False
CLEAR_LIMELIGHT,REEF_ALGAE_SLAP,1.0,default:1.0,True,,False
CLEAR_LIMELIGHT,REEF_ALGAE_INTAKE_L2,0.5218240000000023,transition_costs.txt,False,42,False
CLEAR_LIMELIGHT,REEF_ALGAE_INTAKE_L3,0.4140999999999977,transition_costs.txt,False,43,False
CLEAR_LIMELIGHT,REEF_ALGAE_INTAKE_L3_MANUAL,1.0,default:1.0,True,,False
CLEAR_LIMELIGHT,STAGE_CORAL_L1,0.4800329999999988,transition_costs.txt,False,44,False
CLEAR_LIMELIGHT,STAGE_CORAL_L2,0.466822999999998,transition_costs.txt,False,45,False
CLEAR_LIMELIGHT,NON_DESCORE_CORAL_L2,0.3864239999999981,transition_costs.txt,False,46,False
CLEAR_LIMELIGHT,STAGE_CORAL_L3,0.49105699999999786,transition_costs.txt,False,47,False
CLEAR_LIMELIGHT,NON_DESCORE_CORAL_L3,0.40847700000000486,transition_costs.txt,False,48,False
CLEAR_LIMELIGHT,STAGE_CORAL_L4,0.7886859999999984,transition_costs.txt,False,49,False
CLEAR_LIMELIGHT,INTERMEDIATE_CORAL_L4,0.32146099999999933,transition_costs.txt,False,50,False
CLEAR_LIMELIGHT,INTERMEDIATE_BARGE,0.33762500000000273,transition_costs.txt,False,51,False
CLEAR_LIMELIGHT,STAGE_PROCESSOR,0.7378450000000001,transition_costs.txt,False,52,False
CLEAR_LIMELIGHT,CLEAR_BUMPER,0.21386900000000253,transition_costs.txt,False,53,False
CLEAR_LIMELIGHT,STOW_ELEVATOR,0.5236769999999993,transition_costs.txt,False,54,False
STOW_CORAL,CLEAR_ELEVATOR_CROSSBEAM,0.4564279999999954,transition_costs.txt,False,55,False
STOW_CORAL,CLEAR_WHEELS,0.622080000000004,transition_costs.txt,False,56,False
STOW_CORAL,CLEAR_LIMELIGHT,0.5563029999999998,transition_costs.txt,False,57,False
STOW_CORAL,STOW_CORAL,0.5549949999999981,transition_costs.txt,False,58,True
STOW_CORAL,STOW_ALGAE,0.5421929999999975,transition_costs.txt,False,59,False
STOW_CORAL,GROUND_ALGAE_INTAKE,0.5027850000000029,transition_costs.txt,False,60,False
STOW_CORAL,LOLLIPOP_INTAKE,1.0,default:1.0,True,,False
STOW_CORAL,REEF_ALGAE_SLAP,1.0,default:1.0,True,,False
STOW_CORAL,REEF_ALGAE_INTAKE_L2,0.49872700000000236,transition_costs.txt,False,61,False
STOW_CORAL,REEF_ALGAE_INTAKE_L3,0.4202009999999987,transition_costs.txt,False,62,False
STOW_CORAL,REEF_ALGAE_INTAKE_L3_MANUAL,1.0,default:1.0,True,,False
STOW_CORAL,STAGE_CORAL_L1,0.8593559999999982,transition_costs.txt,False,63,False
STOW_CORAL,STAGE_CORAL_L2,0.4507170000000045,transition_costs.txt,False,64,False
STOW_CORAL,NON_DESCORE_CORAL_L2,0.3887709999999984,transition_costs.txt,False,65,False
STOW_CORAL,STAGE_CORAL_L3,0.49148600000000187,transition_costs.txt,False,66,False
STOW_CORAL,NON_DESCORE_CORAL_L3,0.40486400000000344,transition_costs.txt,False,67,False
STOW_CORAL,STAGE_CORAL_L4,0.7899999999999991,transition_costs.txt,False,68,False
STOW_CORAL,INTERMEDIATE_CORAL_L4,0.2946680000000015,transition_costs.txt,False,69,False
STOW_CORAL,STAGE_PROCESSOR,0.7019009999999994,transition_costs.txt,False,70,False
STOW_CORAL,CLEAR_BUMPER,0.20090499999999878,transition_costs.txt,False,71,False
STOW_CORAL,STOW_ELEVATOR,0.520077999999998,transition_costs.txt,False,72,False
STOW_ALGAE,CLEAR_ELEVATOR_CROSSBEAM,0.4601029999999966,transition_costs.txt,False,73,False
STOW_ALGAE,CLEAR_WHEELS,0.6170970000000011,transition_costs.txt,False,74,False
STOW_ALGAE,CLEAR_LIMELIGHT,0.542904,transition_costs.txt,False,75,False
STOW_ALGAE,STOW_ALGAE,0.28352999999999895,transition_costs.txt,False,76,True
STOW_ALGAE,GROUND_ALGAE_INTAKE,0.504016,transition_costs.txt,False,77,False
STOW_ALGAE,LOLLIPOP_INTAKE,1.0,default:1.0,True,,False
STOW_ALGAE,REEF_ALGAE_SLAP,1.0,default:1.0,True,,False
STOW_ALGAE,REEF_ALGAE_INTAKE_L2,0.49742599999999726,transition_costs.txt,False,78,False
STOW_ALGAE,REEF_ALGAE_INTAKE_L3,0.42093200000000053,transition_costs.txt,False,79,False
STOW_ALGAE,REEF_ALGAE_INTAKE_L3_MANUAL,1.0,default:1.0,True,,False
STOW_ALGAE,STAGE_CORAL_L1,0.4594939999999994,transition_costs.txt,False,80,False
STOW_ALGAE,STAGE_CORAL_L2,0.47017999999999915,transition_costs.txt,False,81,False
STOW_ALGAE,NON_DESCORE_CORAL_L2,0.40330000000000155,transition_costs.txt,False,82,False
STOW_ALGAE,STAGE_CORAL_L3,0.48535799999999796,transition_costs.txt,False,83,False
STOW_ALGAE,NON_DESCORE_CORAL_L3,0.4685449999999989,transition_costs.txt,False,84,False
STOW_ALGAE,STAGE_CORAL_L4,0.7622250000000008,transition_costs.txt,False,85,False
STOW_ALGAE,INTERMEDIATE_CORAL_L4,0.3007390000000001,transition_costs.txt,False,86,False
STOW_ALGAE,INTERMEDIATE_BARGE,0.3406829999999985,transition_costs.txt,False,87,False
STOW_ALGAE,STAGE_PROCESSOR,0.7644519999999986,transition_costs.txt,False,88,False
STOW_ALGAE,CLEAR_BUMPER,0.21883500000000566,transition_costs.txt,False,89,False
STOW_ALGAE,STOW_ELEVATOR,0.5200430000000011,transition_costs.txt,False,90,False
GROUND_ALGAE_INTAKE,CLEAR_ELEVATOR_CROSSBEAM,0.4580529999999996,transition_costs.txt,False,91,False
GROUND_ALGAE_INTAKE,CLEAR_WHEELS,0.6229140000000015,transition_costs.txt,False,92,False
GROUND_ALGAE_INTAKE,CLEAR_LIMELIGHT,0.5441630000000046,transition_costs.txt,False,93,False
GROUND_ALGAE_INTAKE,STOW_ALGAE,0.9747649999999979,transition_costs.txt,False,95,False
GROUND_ALGAE_INTAKE,GROUND_ALGAE_INTAKE,0.497409999999995,transition_costs.txt,False,96,True
GROUND_ALGAE_INTAKE,LOLLIPOP_INTAKE,1.0,default:1.0,True,,False
GROUND_ALGAE_INTAKE,REEF_ALGAE_SLAP,1.0,default:1.0,True,,False
GROUND_ALGAE_INTAKE,REEF_ALGAE_INTAKE_L2,0.49932799999999133,transition_costs.txt,False,97,False
GROUND_ALGAE_INTAKE,REEF_ALGAE_INTAKE_L3,0.39701300000000117,transition_costs.txt,False,98,False
GROUND_ALGAE_INTAKE,REEF_ALGAE_INTAKE_L3_MANUAL,1.0,default:1.0,True,,False
GROUND_ALGAE_INTAKE,STAGE_CORAL_L1,0.45933399999999835,transition_costs.txt,False,99,False
GROUND_ALGAE_INTAKE,STAGE_CORAL_L2,0.4506679999999932,transition_costs.txt,False,100,False
GROUND_ALGAE_INTAKE,NON_DESCORE_CORAL_L2,0.4086070000000035,transition_costs.txt,False,101,False
GROUND_ALGAE_INTAKE,STAGE_CORAL_L3,0.4885500000000036,transition_costs.txt,False,102,False
GROUND_ALGAE_INTAKE,NON_DESCORE_CORAL_L3,0.4084529999999944,transition_costs.txt,False,103,False
GROUND_ALGAE_INTAKE,STAGE_CORAL_L4,0.7841310000000021,transition_costs.txt,False,104,False
GROUND_ALGAE_INTAKE,INTERMEDIATE_CORAL_L4,0.3017799999999937,transition_costs.txt,False,105,False
GROUND_ALGAE_INTAKE,INTERMEDIATE_BARGE,0.33898700000000304,transition_costs.txt,False,106,False
GROUND_ALGAE_INTAKE,STAGE_PROCESSOR,0.7429990000000117,transition_costs.txt,False,107,False
GROUND_ALGAE_INTAKE,CLEAR_BUMPER,0.19901900000000694,transition_costs.txt,False,108,False
GROUND_ALGAE_INTAKE,STOW_ELEVATOR,0.5194180000000017,transition_costs.txt,False,109,False
LOLLIPOP_INTAKE,CLEAR_ELEVATOR_CROSSBEAM,1.0,default:1.0,True,,False
LOLLIPOP_INTAKE,CLEAR_WHEELS,1.0,default:1.0,True,,False
LOLLIPOP_INTAKE,CLEAR_LIMELIGHT,1.0,default:1.0,True,,False
LOLLIPOP_INTAKE,STOW_ALGAE,1.0,default:1.0,True,,False
LOLLIPOP_INTAKE,GROUND_ALGAE_INTAKE,1.0,default:1.0,True,,False
LOLLIPOP_INTAKE,LOLLIPOP_INTAKE,1.0,default:1.0,True,,True
LOLLIPOP_INTAKE,REEF_ALGAE_SLAP,1.0,default:1.0,True,,False
LOLLIPOP_INTAKE,REEF_ALGAE_INTAKE_L2,1.0,default:1.0,True,,False
LOLLIPOP_INTAKE,REEF_ALGAE_INTAKE_L3,1.0,default:1.0,True,,False
LOLLIPOP_INTAKE,REEF_ALGAE_INTAKE_L3_MANUAL,1.0,default:1.0,True,,False
LOLLIPOP_INTAKE,STAGE_CORAL_L1,1.0,default:1.0,True,,False
LOLLIPOP_INTAKE,STAGE_CORAL_L2,1.0,default:1.0,True,,False
LOLLIPOP_INTAKE,NON_DESCORE_CORAL_L2,1.0,default:1.0,True,,False
LOLLIPOP_INTAKE,STAGE_CORAL_L3,1.0,default:1.0,True,,False
LOLLIPOP_INTAKE,NON_DESCORE_CORAL_L3,1.0,default:1.0,True,,False
LOLLIPOP_INTAKE,STAGE_CORAL_L4,1.0,default:1.0,True,,False
LOLLIPOP_INTAKE,INTERMEDIATE_CORAL_L4,1.0,default:1.0,True,,False
LOLLIPOP_INTAKE,INTERMEDIATE_BARGE,1.0,default:1.0,True,,False
LOLLIPOP_INTAKE,STAGE_PROCESSOR,1.0,default:1.0,True,,False
LOLLIPOP_INTAKE,CLEAR_BUMPER,1.0,default:1.0,True,,False
LOLLIPOP_INTAKE,STOW_ELEVATOR,1.0,default:1.0,True,,False
REEF_ALGAE_SLAP,CLEAR_ELEVATOR_CROSSBEAM,1.0,default:1.0,True,,False
REEF_ALGAE_SLAP,CLEAR_WHEELS,1.0,default:1.0,True,,False
REEF_ALGAE_SLAP,CLEAR_LIMELIGHT,1.0,default:1.0,True,,False
REEF_ALGAE_SLAP,STOW_ALGAE,1.0,default:1.0,True,,False
REEF_ALGAE_SLAP,GROUND_ALGAE_INTAKE,1.0,default:1.0,True,,False
REEF_ALGAE_SLAP,LOLLIPOP_INTAKE,1.0,default:1.0,True,,False
REEF_ALGAE_SLAP,REEF_ALGAE_SLAP,1.0,default:1.0,True,,True
REEF_ALGAE_SLAP,REEF_ALGAE_INTAKE_L2,1.0,default:1.0,True,,False
REEF_ALGAE_SLAP,REEF_ALGAE_INTAKE_L3,1.0,default:1.0,True,,False
REEF_ALGAE_SLAP,REEF_ALGAE_INTAKE_L3_MANUAL,1.0,default:1.0,True,,False
REEF_ALGAE_SLAP,STAGE_CORAL_L1,1.0,default:1.0,True,,False
REEF_ALGAE_SLAP,STAGE_CORAL_L2,1.0,default:1.0,True,,False
REEF_ALGAE_SLAP,NON_DESCORE_CORAL_L2,1.0,default:1.0,True,,False
REEF_ALGAE_SLAP,STAGE_CORAL_L3,1.0,default:1.0,True,,False
REEF_ALGAE_SLAP,NON_DESCORE_CORAL_L3,1.0,default:1.0,True,,False
REEF_ALGAE_SLAP,STAGE_CORAL_L4,1.0,default:1.0,True,,False
REEF_ALGAE_SLAP,INTERMEDIATE_CORAL_L4,1.0,default:1.0,True,,False
REEF_ALGAE_SLAP,INTERMEDIATE_BARGE,1.0,default:1.0,True,,False
REEF_ALGAE_SLAP,STAGE_PROCESSOR,1.0,default:1.0,True,,False
REEF_ALGAE_SLAP,CLEAR_BUMPER,1.0,default:1.0,True,,False
REEF_ALGAE_SLAP,STOW_ELEVATOR,1.0,default:1.0,True,,False
REEF_ALGAE_INTAKE_L2,CLEAR_ELEVATOR_CROSSBEAM,0.459668999999991,transition_costs.txt,False,110,False
REEF_ALGAE_INTAKE_L2,CLEAR_WHEELS,0.6201209999999975,transition_costs.txt,False,111,False
REEF_ALGAE_INTAKE_L2,CLEAR_LIMELIGHT,0.5198550000000068,transition_costs.txt,False,112,False
REEF_ALGAE_INTAKE_L2,STOW_ALGAE,0.26192599999998833,transition_costs.txt,False,113,False
REEF_ALGAE_INTAKE_L2,GROUND_ALGAE_INTAKE,0.47934399999999755,transition_costs.txt,False,114,False
REEF_ALGAE_INTAKE_L2,LOLLIPOP_INTAKE,1.0,default:1.0,True,,False
REEF_ALGAE_INTAKE_L2,REEF_ALGAE_SLAP,1.0,default:1.0,True,,False
REEF_ALGAE_INTAKE_L2,REEF_ALGAE_INTAKE_L2,0.5878270000000043,transition_costs.txt,False,115,True
REEF_ALGAE_INTAKE_L2,REEF_ALGAE_INTAKE_L3,0.37735800000000097,transition_costs.txt,False,116,False
REEF_ALGAE_INTAKE_L2,REEF_ALGAE_INTAKE_L3_MANUAL,1.0,default:1.0,True,,False
REEF_ALGAE_INTAKE_L2,STAGE_CORAL_L1,0.45834500000000844,transition_costs.txt,False,117,False
REEF_ALGAE_INTAKE_L2,STAGE_CORAL_L2,0.4453619999999887,transition_costs.txt,False,118,False
REEF_ALGAE_INTAKE_L2,NON_DESCORE_CORAL_L2,0.38791899999999657,transition_costs.txt,False,119,False
REEF_ALGAE_INTAKE_L2,STAGE_CORAL_L3,0.4891009999999909,transition_costs.txt,False,120,False
REEF_ALGAE_INTAKE_L2,NON_DESCORE_CORAL_L3,0.4085579999999993,transition_costs.txt,False,121,False
REEF_ALGAE_INTAKE_L2,STAGE_CORAL_L4,0.7936890000000005,transition_costs.txt,False,122,False
REEF_ALGAE_INTAKE_L2,INTERMEDIATE_CORAL_L4,0.29693899999999473,transition_costs.txt,False,123,False
REEF_ALGAE_INTAKE_L2,INTERMEDIATE_BARGE,0.3409500000000065,transition_costs.txt,False,124,False
REEF_ALGAE_INTAKE_L2,STAGE_PROCESSOR,0.7400580000000048,transition_costs.txt,False,125,False
REEF_ALGAE_INTAKE_L2,CLEAR_BUMPER,0.20077799999999968,transition_costs.txt,False,126,False
REEF_ALGAE_INTAKE_L2,STOW_ELEVATOR,0.521333999999996,transition_costs.txt,False,127,False
REEF_ALGAE_INTAKE_L3,CLEAR_ELEVATOR_CROSSBEAM,0.4399400000000071,transition_costs.txt,False,128,False
REEF_ALGAE_INTAKE_L3,CLEAR_WHEELS,0.6230860000000007,transition_costs.txt,False,129,False
REEF_ALGAE_INTAKE_L3,CLEAR_LIMELIGHT,0.5637499999999989,transition_costs.txt,False,130,False
REEF_ALGAE_INTAKE_L3,STOW_ALGAE,0.2597300000000047,transition_costs.txt,False,131,False
REEF_ALGAE_INTAKE_L3,GROUND_ALGAE_INTAKE,0.4831339999999926,transition_costs.txt,False,132,False
REEF_ALGAE_INTAKE_L3,LOLLIPOP_INTAKE,1.0,default:1.0,True,,False
REEF_ALGAE_INTAKE_L3,REEF_ALGAE_SLAP,1.0,default:1.0,True,,False
REEF_ALGAE_INTAKE_L3,REEF_ALGAE_INTAKE_L2,0.5001010000000008,transition_costs.txt,False,133,False
REEF_ALGAE_INTAKE_L3,REEF_ALGAE_INTAKE_L3,0.3990579999999966,transition_costs.txt,False,134,True
REEF_ALGAE_INTAKE_L3,REEF_ALGAE_INTAKE_L3_MANUAL,1.0,default:1.0,True,,False
REEF_ALGAE_INTAKE_L3,STAGE_CORAL_L1,0.45879100000000506,transition_costs.txt,False,135,False
REEF_ALGAE_INTAKE_L3,STAGE_CORAL_L2,0.42907499999999743,transition_costs.txt,False,136,False
REEF_ALGAE_INTAKE_L3,NON_DESCORE_CORAL_L2,0.38407399999999825,transition_costs.txt,False,137,False
REEF_ALGAE_INTAKE_L3,STAGE_CORAL_L3,0.4887719999999973,transition_costs.txt,False,138,False
REEF_ALGAE_INTAKE_L3,NON_DESCORE_CORAL_L3,0.3678680000000014,transition_costs.txt,False,139,False
REEF_ALGAE_INTAKE_L3,STAGE_CORAL_L4,0.7459970000000027,transition_costs.txt,False,140,False
REEF_ALGAE_INTAKE_L3,INTERMEDIATE_CORAL_L4,0.2959940000000074,transition_costs.txt,False,141,False
REEF_ALGAE_INTAKE_L3,INTERMEDIATE_BARGE,0.33986600000000067,transition_costs.txt,False,142,False
REEF_ALGAE_INTAKE_L3,STAGE_PROCESSOR,0.7425319999999971,transition_costs.txt,False,143,False
REEF_ALGAE_INTAKE_L3,CLEAR_BUMPER,0.19987700000000075,transition_costs.txt,False,144,False
REEF_ALGAE_INTAKE_L3,STOW_ELEVATOR,0.5254410000000007,transition_costs.txt,False,145,False
REEF_ALGAE_INTAKE_L3_MANUAL,CLEAR_ELEVATOR_CROSSBEAM,1.0,default:1.0,True,,False
REEF_ALGAE_INTAKE_L3_MANUAL,CLEAR_WHEELS,1.0,default:1.0,True,,False
REEF_ALGAE_INTAKE_L3_MANUAL,CLEAR_LIMELIGHT,1.0,default:1.0,True,,False
REEF_ALGAE_INTAKE_L3_MANUAL,STOW_ALGAE,1.0,default:1.0,True,,False
REEF_ALGAE_INTAKE_L3_MANUAL,GROUND_ALGAE_INTAKE,1.0,default:1.0,True,,False
REEF_ALGAE_INTAKE_L3_MANUAL,LOLLIPOP_INTAKE,1.0,default:1.0,True,,False
REEF_ALGAE_INTAKE_L3_MANUAL,REEF_ALGAE_SLAP,1.0,default:1.0,True,,False
REEF_ALGAE_INTAKE_L3_MANUAL,REEF_ALGAE_INTAKE_L2,1.0,default:1.0,True,,False
REEF_ALGAE_INTAKE_L3_MANUAL,REEF_ALGAE_INTAKE_L3,1.0,default:1.0,True,,False
REEF_ALGAE_INTAKE_L3_MANUAL,REEF_ALGAE_INTAKE_L3_MANUAL,1.0,default:1.0,True,,True
REEF_ALGAE_INTAKE_L3_MANUAL,STAGE_CORAL_L1,1.0,default:1.0,True,,False
REEF_ALGAE_INTAKE_L3_MANUAL,STAGE_CORAL_L2,1.0,default:1.0,True,,False
REEF_ALGAE_INTAKE_L3_MANUAL,NON_DESCORE_CORAL_L2,1.0,default:1.0,True,,False
REEF_ALGAE_INTAKE_L3_MANUAL,STAGE_CORAL_L3,1.0,default:1.0,True,,False
REEF_ALGAE_INTAKE_L3_MANUAL,NON_DESCORE_CORAL_L3,1.0,default:1.0,True,,False
REEF_ALGAE_INTAKE_L3_MANUAL,STAGE_CORAL_L4,1.0,default:1.0,True,,False
REEF_ALGAE_INTAKE_L3_MANUAL,INTERMEDIATE_CORAL_L4,1.0,default:1.0,True,,False
REEF_ALGAE_INTAKE_L3_MANUAL,INTERMEDIATE_BARGE,1.0,default:1.0,True,,False
REEF_ALGAE_INTAKE_L3_MANUAL,STAGE_PROCESSOR,1.0,default:1.0,True,,False
REEF_ALGAE_INTAKE_L3_MANUAL,CLEAR_BUMPER,1.0,default:1.0,True,,False
REEF_ALGAE_INTAKE_L3_MANUAL,STOW_ELEVATOR,1.0,default:1.0,True,,False
STAGE_CORAL_L1,CLEAR_ELEVATOR_CROSSBEAM,0.4364830000000097,transition_costs.txt,False,146,False
STAGE_CORAL_L1,CLEAR_WHEELS,0.6204759999999965,transition_costs.txt,False,147,False
STAGE_CORAL_L1,CLEAR_LIMELIGHT,0.5201880000000045,transition_costs.txt,False,148,False
STAGE_CORAL_L1,STOW_ALGAE,0.2463470000000001,transition_costs.txt,False,149,False
STAGE_CORAL_L1,GROUND_ALGAE_INTAKE,0.47715399999999875,transition_costs.txt,False,150,False
STAGE_CORAL_L1,LOLLIPOP_INTAKE,1.0,default:1.0,True,,False
STAGE_CORAL_L1,REEF_ALGAE_SLAP,1.0,default:1.0,True,,False
STAGE_CORAL_L1,REEF_ALGAE_INTAKE_L2,0.5043009999999981,transition_costs.txt,False,151,False
STAGE_CORAL_L1,REEF_ALGAE_INTAKE_L3,0.41580599999998924,transition_costs.txt,False,152,False
STAGE_CORAL_L1,REEF_ALGAE_INTAKE_L3_MANUAL,1.0,default:1.0,True,,False
STAGE_CORAL_L1,STAGE_CORAL_L1,0.4628990000000073,transition_costs.txt,False,153,True
STAGE_CORAL_L1,STAGE_CORAL_L2,0.42336600000000146,transition_costs.txt,False,154,False
STAGE_CORAL_L1,NON_DESCORE_CORAL_L2,0.40849900000000616,transition_costs.txt,False,155,False
STAGE_CORAL_L1,STAGE_CORAL_L3,0.4849609999999984,transition_costs.txt,False,156,False
STAGE_CORAL_L1,NON_DESCORE_CORAL_L3,0.4102050000000048,transition_costs.txt,False,157,False
STAGE_CORAL_L1,STAGE_CORAL_L4,0.7869930000000096,transition_costs.txt,False,158,False
STAGE_CORAL_L1,INTERMEDIATE_CORAL_L4,0.3017240000000072,transition_costs.txt,False,159,False
STAGE_CORAL_L1,STAGE_PROCESSOR,0.6782240000000002,transition_costs.txt,False,160,False
STAGE_CORAL_L1,CLEAR_BUMPER,0.19899200000000405,transition_costs.txt,False,161,False
STAGE_CORAL_L1,STOW_ELEVATOR,0.521718000000007,transition_costs.txt,False,162,False
STAGE_CORAL_L2,CLEAR_ELEVATOR_CROSSBEAM,0.4602439999999888,transition_costs.txt,False,163,False
STAGE_CORAL_L2,CLEAR_WHEELS,0.6238709999999941,transition_costs.txt,False,164,False
STAGE_CORAL_L2,CLEAR_LIMELIGHT,0.5438159999999925,transition_costs.txt,False,165,False
STAGE_CORAL_L2,STOW_ALGAE,0.2600529999999992,transition_costs.txt,False,166,False
STAGE_CORAL_L2,GROUND_ALGAE_INTAKE,1.0012470000000064,transition_costs.txt,False,167,False
STAGE_CORAL_L2,LOLLIPOP_INTAKE,1.0,default:1.0,True,,False
STAGE_CORAL_L2,REEF_ALGAE_SLAP,1.0,default:1.0,True,,False
STAGE_CORAL_L2,REEF_ALGAE_INTAKE_L2,0.4989000000000061,transition_costs.txt,False,168,False
STAGE_CORAL_L2,REEF_ALGAE_INTAKE_L3,0.4229830000000021,transition_costs.txt,False,169,False
STAGE_CORAL_L2,REEF_ALGAE_INTAKE_L3_MANUAL,1.0,default:1.0,True,,False
STAGE_CORAL_L2,STAGE_CORAL_L1,0.4836580000000055,transition_costs.txt,False,170,False
STAGE_CORAL_L2,STAGE_CORAL_L2,0.46251900000000035,transition_costs.txt,False,171,True
STAGE_CORAL_L2,NON_DESCORE_CORAL_L2,0.378895,transition_costs.txt,False,172,False
STAGE_CORAL_L2,STAGE_CORAL_L3,0.47783199999999226,transition_costs.txt,False,173,False
STAGE_CORAL_L2,NON_DESCORE_CORAL_L3,0.40087400000000173,transition_costs.txt,False,174,False
STAGE_CORAL_L2,STAGE_CORAL_L4,0.7799659999999875,transition_costs.txt,False,175,False
STAGE_CORAL_L2,INTERMEDIATE_CORAL_L4,0.2998619999999903,transition_costs.txt,False,176,False
STAGE_CORAL_L2,INTERMEDIATE_BARGE,0.34014200000000017,transition_costs.txt,False,177,False
STAGE_CORAL_L2,STAGE_PROCESSOR,0.7390369999999962,transition_costs.txt,False,178,False
STAGE_CORAL_L2,CLEAR_BUMPER,0.21882300000000043,transition_costs.txt,False,179,False
STAGE_CORAL_L2,STOW_ELEVATOR,0.5252839999999992,transition_costs.txt,False,180,False
NON_DESCORE_CORAL_L2,CLEAR_ELEVATOR_CROSSBEAM,0.4575929999999886,transition_costs.txt,False,181,False
NON_DESCORE_CORAL_L2,CLEAR_WHEELS,0.6207079999999934,transition_costs.txt,False,182,False
NON_DESCORE_CORAL_L2,CLEAR_LIMELIGHT,0.5579859999999996,transition_costs.txt,False,183,False
NON_DESCORE_CORAL_L2,STOW_ALGAE,0.26001199999998903,transition_costs.txt,False,184,False
NON_DESCORE_CORAL_L2,GROUND_ALGAE_INTAKE,1.021601000000004,transition_costs.txt,False,185,False
NON_DESCORE_CORAL_L2,LOLLIPOP_INTAKE,1.0,default:1.0,True,,False
NON_DESCORE_CORAL_L2,REEF_ALGAE_SLAP,1.0,default:1.0,True,,False
NON_DESCORE_CORAL_L2,REEF_ALGAE_INTAKE_L2,0.4986290000000082,transition_costs.txt,False,186,False
NON_DESCORE_CORAL_L2,REEF_ALGAE_INTAKE_L3,0.42232799999999315,transition_costs.txt,False,187,False
NON_DESCORE_CORAL_L2,REEF_ALGAE_INTAKE_L3_MANUAL,1.0,default:1.0,True,,False
NON_DESCORE_CORAL_L2,STAGE_CORAL_L1,0.4615260000000063,transition_costs.txt,False,188,False
NON_DESCORE_CORAL_L2,STAGE_CORAL_L2,0.44404699999999764,transition_costs.txt,False,189,False
NON_DESCORE_CORAL_L2,NON_DESCORE_CORAL_L2,0.4001690000000053,transition_costs.txt,False,190,True
NON_DESCORE_CORAL_L2,STAGE_CORAL_L3,0.48505699999999763,transition_costs.txt,False,191,False
NON_DESCORE_CORAL_L2,NON_DESCORE_CORAL_L3,0.39965499999999565,transition_costs.txt,False,192,False
NON_DESCORE_CORAL_L2,STAGE_CORAL_L4,0.7793339999999915,transition_costs.txt,False,193,False
NON_DESCORE_CORAL_L2,INTERMEDIATE_CORAL_L4,0.29963699999998994,transition_costs.txt,False,194,False
NON_DESCORE_CORAL_L2,INTERMEDIATE_BARGE,0.32004499999999325,transition_costs.txt,False,195,False
NON_DESCORE_CORAL_L2,STAGE_PROCESSOR,0.7628860000000088,transition_costs.txt,False,196,False
NON_DESCORE_CORAL_L2,CLEAR_BUMPER,0.2247899999999987,transition_costs.txt,False,197,False
NON_DESCORE_CORAL_L2,STOW_ELEVATOR,0.5398799999999966,transition_costs.txt,False,198,False
STAGE_CORAL_L3,CLEAR_ELEVATOR_CROSSBEAM,0.46106400000000747,transition_costs.txt,False,199,False
STAGE_CORAL_L3,CLEAR_WHEELS,0.6254320000000035,transition_costs.txt,False,200,False
STAGE_CORAL_L3,CLEAR_LIMELIGHT,0.5577710000000025,transition_costs.txt,False,201,False
STAGE_CORAL_L3,STOW_ALGAE,0.2623789999999957,transition_costs.txt,False,202,False
STAGE_CORAL_L3,GROUND_ALGAE_INTAKE,0.9974990000000048,transition_costs.txt,False,203,False
STAGE_CORAL_L3,LOLLIPOP_INTAKE,1.0,default:1.0,True,,False
STAGE_CORAL_L3,REEF_ALGAE_SLAP,1.0,default:1.0,True,,False
STAGE_CORAL_L3,REEF_ALGAE_INTAKE_L2,0.5146200000000078,transition_costs.txt,False,204,False
STAGE_CORAL_L3,REEF_ALGAE_INTAKE_L3,0.40125899999999604,transition_costs.txt,False,205,False
STAGE_CORAL_L3,REEF_ALGAE_INTAKE_L3_MANUAL,1.0,default:1.0,True,,False
STAGE_CORAL_L3,STAGE_CORAL_L1,0.44129999999999825,transition_costs.txt,False,206,False
STAGE_CORAL_L3,STAGE_CORAL_L2,0.4425159999999977,transition_costs.txt,False,207,False
STAGE_CORAL_L3,NON_DESCORE_CORAL_L2,0.37662199999999757,transition_costs.txt,False,208,False
STAGE_CORAL_L3,STAGE_CORAL_L3,0.47799399999999537,transition_costs.txt,False,209,True
STAGE_CORAL_L3,NON_DESCORE_CORAL_L3,0.3826450000000108,transition_costs.txt,False,210,False
STAGE_CORAL_L3,STAGE_CORAL_L4,0.7774140000000074,transition_costs.txt,False,211,False
STAGE_CORAL_L3,INTERMEDIATE_CORAL_L4,0.30281700000000455,transition_costs.txt,False,212,False
STAGE_CORAL_L3,INTERMEDIATE_BARGE,0.34077299999999866,transition_costs.txt,False,213,False
STAGE_CORAL_L3,STAGE_PROCESSOR,0.736536000000001,transition_costs.txt,False,214,False
STAGE_CORAL_L3,CLEAR_BUMPER,0.20340600000000109,transition_costs.txt,False,215,False
STAGE_CORAL_L3,STOW_ELEVATOR,0.4992770000000064,transition_costs.txt,False,216,False
NON_DESCORE_CORAL_L3,CLEAR_ELEVATOR_CROSSBEAM,0.46051599999999837,transition_costs.txt,False,217,False
NON_DESCORE_CORAL_L3,CLEAR_WHEELS,0.6184980000000024,transition_costs.txt,False,218,False
NON_DESCORE_CORAL_L3,CLEAR_LIMELIGHT,0.5417659999999955,transition_costs.txt,False,219,False
NON_DESCORE_CORAL_L3,STOW_ALGAE,0.2457939999999894,transition_costs.txt,False,220,False
NON_DESCORE_CORAL_L3,GROUND_ALGAE_INTAKE,0.9831439999999816,transition_costs.txt,False,221,False
NON_DESCORE_CORAL_L3,LOLLIPOP_INTAKE,1.0,default:1.0,True,,False
NON_DESCORE_CORAL_L3,REEF_ALGAE_SLAP,1.0,default:1.0,True,,False
NON_DESCORE_CORAL_L3,REEF_ALGAE_INTAKE_L2,0.4989520000000027,transition_costs.txt,False,222,False
NON_DESCORE_CORAL_L3,REEF_ALGAE_INTAKE_L3,0.4027100000000132,transition_costs.txt,False,223,False
NON_DESCORE_CORAL_L3,REEF_ALGAE_INTAKE_L3_MANUAL,1.0,default:1.0,True,,False
NON_DESCORE_CORAL_L3,STAGE_CORAL_L1,0.4631219999999985,transition_costs.txt,False,224,False
NON_DESCORE_CORAL_L3,STAGE_CORAL_L2,0.44018800000000624,transition_costs.txt,False,225,False
NON_DESCORE_CORAL_L3,NON_DESCORE_CORAL_L2,0.3824680000000171,transition_costs.txt,False,226,False
NON_DESCORE_CORAL_L3,STAGE_CORAL_L3,0.6445140000000151,transition_costs.txt,False,227,False
NON_DESCORE_CORAL_L3,NON_DESCORE_CORAL_L3,0.4220709999999883,transition_costs.txt,False,228,True
NON_DESCORE_CORAL_L3,STAGE_CORAL_L4,0.7776849999999911,transition_costs.txt,False,229,False
NON_DESCORE_CORAL_L3,INTERMEDIATE_CORAL_L4,0.30147999999999797,transition_costs.txt,False,230,False
NON_DESCORE_CORAL_L3,INTERMEDIATE_BARGE,0.34466000000000463,transition_costs.txt,False,231,False
NON_DESCORE_CORAL_L3,STAGE_PROCESSOR,0.7642010000000141,transition_costs.txt,False,232,False
NON_DESCORE_CORAL_L3,CLEAR_BUMPER,0.21777500000001737,transition_costs.txt,False,233,False
NON_DESCORE_CORAL_L3,STOW_ELEVATOR,0.5388599999999997,transition_costs.txt,False,234,False
STAGE_CORAL_L4,CLEAR_ELEVATOR_CROSSBEAM,0.46340900000001284,transition_costs.txt,False,235,False
STAGE_CORAL_L4,CLEAR_WHEELS,0.6196339999999907,transition_costs.txt,False,236,False
STAGE_CORAL_L4,CLEAR_LIMELIGHT,0.5396410000000174,transition_costs.txt,False,237,False
STAGE_CORAL_L4,STOW_ALGAE,0.26303799999999455,transition_costs.txt,False,238,False
STAGE_CORAL_L4,GROUND_ALGAE_INTAKE,0.9778149999999926,transition_costs.txt,False,239,False
STAGE_CORAL_L4,LOLLIPOP_INTAKE,1.0,default:1.0,True,,False
STAGE_CORAL_L4,REEF_ALGAE_SLAP,1.0,default:1.0,True,,False
STAGE_CORAL_L4,REEF_ALGAE_INTAKE_L2,0.4779530000000136,transition_costs.txt,False,240,False
STAGE_CORAL_L4,REEF_ALGAE_INTAKE_L3,0.4215639999999894,transition_costs.txt,False,241,False
STAGE_CORAL_L4,REEF_ALGAE_INTAKE_L3_MANUAL,1.0,default:1.0,True,,False
STAGE_CORAL_L4,STAGE_CORAL_L1,0.4609969999999919,transition_costs.txt,False,242,False
STAGE_CORAL_L4,STAGE_CORAL_L2,0.4643609999999967,transition_costs.txt,False,243,False
STAGE_CORAL_L4,NON_DESCORE_CORAL_L2,0.40100100000000793,transition_costs.txt,False,244,False
STAGE_CORAL_L4,STAGE_CORAL_L3,0.4754329999999811,transition_costs.txt,False,245,False
STAGE_CORAL_L4,NON_DESCORE_CORAL_L3,0.4174370000000067,transition_costs.txt,False,246,False
STAGE_CORAL_L4,STAGE_CORAL_L4,0.7859380000000158,transition_costs.txt,False,247,True
STAGE_CORAL_L4,INTERMEDIATE_CORAL_L4,0.29573100000001773,transition_costs.txt,False,248,False
STAGE_CORAL_L4,INTERMEDIATE_BARGE,0.3431290000000047,transition_costs.txt,False,249,False
STAGE_CORAL_L4,STAGE_PROCESSOR,0.7422789999999964,transition_costs.txt,False,250,False
STAGE_CORAL_L4,CLEAR_BUMPER,0.20108500000000618,transition_costs.txt,False,251,False
STAGE_CORAL_L4,STOW_ELEVATOR,0.539135999999985,transition_costs.txt,False,252,False
INTERMEDIATE_CORAL_L4,NON_DESCORE_CORAL_L4,0.9462230000000034,transition_costs.txt,False,253,False
NON_DESCORE_CORAL_L4,CLEAR_ELEVATOR_CROSSBEAM,0.06155100000000857,transition_costs.txt,False,254,False
NON_DESCORE_CORAL_L4,CLEAR_WHEELS,0.5577809999999772,transition_costs.txt,False,255,False
NON_DESCORE_CORAL_L4,CLEAR_LIMELIGHT,0.5394629999999836,transition_costs.txt,False,256,False
NON_DESCORE_CORAL_L4,STOW_ALGAE,0.26517200000000685,transition_costs.txt,False,257,False
NON_DESCORE_CORAL_L4,GROUND_ALGAE_INTAKE,0.9783600000000092,transition_costs.txt,False,258,False
NON_DESCORE_CORAL_L4,LOLLIPOP_INTAKE,1.0,default:1.0,True,,False
NON_DESCORE_CORAL_L4,REEF_ALGAE_SLAP,1.0,default:1.0,True,,False
NON_DESCORE_CORAL_L4,REEF_ALGAE_INTAKE_L2,0.50083699999999,transition_costs.txt,False,259,False
NON_DESCORE_CORAL_L4,REEF_ALGAE_INTAKE_L3,0.4238420000000076,transition_costs.txt,False,260,False
NON_DESCORE_CORAL_L4,REEF_ALGAE_INTAKE_L3_MANUAL,1.0,default:1.0,True,,False
NON_DESCORE_CORAL_L4,STAGE_CORAL_L1,0.4617860000000178,transition_costs.txt,False,261,False
NON_DESCORE_CORAL_L4,STAGE_CORAL_L2,0.44389699999999266,transition_costs.txt,False,262,False
NON_DESCORE_CORAL_L4,NON_DESCORE_CORAL_L2,0.39973500000002105,transition_costs.txt,False,263,False
NON_DESCORE_CORAL_L4,STAGE_CORAL_L3,0.48043899999998985,transition_costs.txt,False,264,False
NON_DESCORE_CORAL_L4,NON_DESCORE_CORAL_L3,0.39760399999997276,transition_costs.txt,False,265,False
NON_DESCORE_CORAL_L4,STAGE_CORAL_L4,0.7545659999999828,transition_costs.txt,False,266,False
NON_DESCORE_CORAL_L4,INTERMEDIATE_CORAL_L4,0.3234369999999842,transition_costs.txt,False,267,False
NON_DESCORE_CORAL_L4,INTERMEDIATE_BARGE,0.355165999999997,transition_costs.txt,False,268,False
NON_DESCORE_CORAL_L4,STAGE_PROCESSOR,0.7416850000000181,transition_costs.txt,False,269,False
NON_DESCORE_CORAL_L4,CLEAR_BUMPER,0.2018419999999992,transition_costs.txt,False,270,False
NON_DESCORE_CORAL_L4,STOW_ELEVATOR,0.5393660000000011,transition_costs.txt,False,271,False
INTERMEDIATE_BARGE,CLEAR_ELEVATOR_CROSSBEAM,0.4733259999999859,transition_costs.txt,False,272,False
INTERMEDIATE_BARGE,STAGE_BARGE,0.7598519999999951,transition_costs.txt,False,273,False
STAGE_PROCESSOR,CLEAR_ELEVATOR_CROSSBEAM,0.2224339999999927,transition_costs.txt,False,274,False
STAGE_PROCESSOR,CLEAR_WHEELS,0.6221280000000036,transition_costs.txt,False,275,False
STAGE_PROCESSOR,CLEAR_LIMELIGHT,0.5385880000000043,transition_costs.txt,False,276,False
STAGE_PROCESSOR,STOW_ALGAE,0.23694800000001237,transition_costs.txt,False,277,False
STAGE_PROCESSOR,GROUND_ALGAE_INTAKE,0.5013040000000046,transition_costs.txt,False,278,False
STAGE_PROCESSOR,LOLLIPOP_INTAKE,1.0,default:1.0,True,,False
STAGE_PROCESSOR,REEF_ALGAE_SLAP,1.0,default:1.0,True,,False
STAGE_PROCESSOR,REEF_ALGAE_INTAKE_L2,0.5016819999999882,transition_costs.txt,False,279,False
STAGE_PROCESSOR,REEF_ALGAE_INTAKE_L3,0.399169999999998,transition_costs.txt,False,280,False
STAGE_PROCESSOR,REEF_ALGAE_INTAKE_L3_MANUAL,1.0,default:1.0,True,,False
STAGE_PROCESSOR,STAGE_CORAL_L1,0.4557190000000162,transition_costs.txt,False,281,False
STAGE_PROCESSOR,STAGE_CORAL_L2,0.42620900000000006,transition_costs.txt,False,282,False
STAGE_PROCESSOR,NON_DESCORE_CORAL_L2,0.38450699999998506,transition_costs.txt,False,283,False
STAGE_PROCESSOR,STAGE_CORAL_L3,0.49085700000000543,transition_costs.txt,False,284,False
STAGE_PROCESSOR,NON_DESCORE_CORAL_L3,0.41045700000000807,transition_costs.txt,False,285,False
STAGE_PROCESSOR,STAGE_CORAL_L4,0.7708189999999888,transition_costs.txt,False,286,False
STAGE_PROCESSOR,INTERMEDIATE_CORAL_L4,0.2986140000000148,transition_costs.txt,False,287,False
STAGE_PROCESSOR,INTERMEDIATE_BARGE,0.33905599999999936,transition_costs.txt,False,288,False
STAGE_PROCESSOR,STAGE_PROCESSOR,0.761224999999996,transition_costs.txt,False,289,True
STAGE_PROCESSOR,CLEAR_BUMPER,0.22056700000001683,transition_costs.txt,False,290,False
STAGE_PROCESSOR,STOW_ELEVATOR,0.5405639999999892,transition_costs.txt,False,291,False
CLEAR_BUMPER,STOW_ALGAE,0.30008399999999824,transition_costs.txt,False,292,False
CLEAR_BUMPER,GROUND_ALGAE_INTAKE,0.4815150000000017,transition_costs.txt,False,293,False
STOW_ELEVATOR,CLEAR_ELEVATOR_CROSSBEAM,0.4621920000000159,transition_costs.txt,False,294,False
STOW_ELEVATOR,CLEAR_WHEELS,0.6200999999999794,transition_costs.txt,False,295,False
STOW_ELEVATOR,CLEAR_LIMELIGHT,0.6252030000000275,transition_costs.txt,False,296,False
STOW_ELEVATOR,STOW_ALGAE,0.539560999999992,transition_costs.txt,False,298,False
STOW_ELEVATOR,GROUND_ALGAE_INTAKE,0.9993320000000097,transition_costs.txt,False,299,False
STOW_ELEVATOR,LOLLIPOP_INTAKE,1.0,default:1.0,True,,False
STOW_ELEVATOR,REEF_ALGAE_SLAP,1.0,default:1.0,True,,False
STOW_ELEVATOR,REEF_ALGAE_INTAKE_L2,0.505408000000017,transition_costs.txt,False,300,False
STOW_ELEVATOR,REEF_ALGAE_INTAKE_L3,0.4168339999999944,transition_costs.txt,False,301,False
STOW_ELEVATOR,REEF_ALGAE_INTAKE_L3_MANUAL,1.0,default:1.0,True,,False
STOW_ELEVATOR,STAGE_CORAL_L1,0.461182000000008,transition_costs.txt,False,302,False
STOW_ELEVATOR,STAGE_CORAL_L2,0.44162800000000857,transition_costs.txt,False,303,False
STOW_ELEVATOR,NON_DESCORE_CORAL_L2,0.40985699999998815,transition_costs.txt,False,304,False
STOW_ELEVATOR,STAGE_CORAL_L3,0.5132210000000157,transition_costs.txt,False,305,False
STOW_ELEVATOR,NON_DESCORE_CORAL_L3,0.4061489999999992,transition_costs.txt,False,306,False
STOW_ELEVATOR,STAGE_CORAL_L4,0.7875549999999976,transition_costs.txt,False,307,False
STOW_ELEVATOR,INTERMEDIATE_CORAL_L4,0.3051230000000089,transition_costs.txt,False,308,False
STOW_ELEVATOR,STAGE_PROCESSOR,0.7027270000000101,transition_costs.txt,False,309,False
STOW_ELEVATOR,CLEAR_BUMPER,0.216984999999994,transition_costs.txt,False,310,False
STOW_ELEVATOR,STOW_ELEVATOR,0.5413389999999936,transition_costs.txt,False,311,True
STAGE_BARGE,CLEAR_ELEVATOR_CROSSBEAM,0.46196800000001303,transition_costs.txt,False,312,False
